科沃斯 地宝X1 OMNI，DEX11,https://club.jd.com/comment/productPageComments.action?callback=fetchJSON_comment98&productId=100025825366&score=0&sortType=5&page=
科沃斯 DVX45+CH2028,https://club.jd.com/comment/productPageComments.action?callback=fetchJSON_comment98&productId=100019702388&score=0&sortType=5&page=
科沃斯 WG811,https://club.jd.com/comment/productPageComments.action?callback=fetchJSON_comment98&productId=100009692369&score=0&sortType=5&page=
科沃斯 DVX45+CH2028,https://club.jd.com/comment/productPageComments.action?callback=fetchJSON_comment98&productId=100011738791&score=0&sortType=5&page=
科沃斯 DLN11(1),https://club.jd.com/comment/productPageComments.action?callback=fetchJSON_comment98&productId=100016627452&score=0&sortType=5&page=
科沃斯 DLX11-22,https://club.jd.com/comment/productPageComments.action?callback=fetchJSON_comment98&productId=100012722480&score=0&sortType=5&page=
科沃斯 DVX45+CH2028,https://club.jd.com/comment/productPageComments.action?callback=fetchJSON_comment98&productId=100021943998&score=0&sortType=5&page=
科沃斯 DLX13(1),https://club.jd.com/comment/productPageComments.action?callback=fetchJSON_comment98&productId=100026093792&score=0&sortType=5&page=
科沃斯 DEX11(2),https://club.jd.com/comment/productPageComments.action?callback=fetchJSON_comment98&productId=100014967089&score=0&sortType=5&page=
科沃斯DLX13(2),https://club.jd.com/comment/productPageComments.action?callback=fetchJSON_comment98&productId=100022563046&score=0&sortType=5&page=
石头G10,https://club.jd.com/comment/productPageComments.action?callback=fetchJSON_comment98&productId=100025234090&score=0&sortType=5&page=
石头T7S Plus,https://club.jd.com/comment/productPageComments.action?callback=fetchJSON_comment98&productId=100011531423&score=0&sortType=5&page=
石头T71,https://club.jd.com/comment/productPageComments.action?callback=fetchJSON_comment98&productId=100021608778&score=0&sortType=5&page=
石头T7S plus+U10,https://club.jd.com/comment/productPageComments.action?callback=fetchJSON_comment98&productId=100027571660&score=0&sortType=5&page=
米家STYTJ06ZHM,https://club.jd.com/comment/productPageComments.action?callback=fetchJSON_comment98&productId=100014770769&score=0&sortType=5&page=
米家MJSTP,https://club.jd.com/comment/productPageComments.action?callback=fetchJSON_comment98&productId=100014770761&score=0&sortType=5&page=
米家MJST1S,https://club.jd.com/comment/productPageComments.action?callback=fetchJSON_comment98&productId=100024077146&score=0&sortType=5&page=
米家STYTJ02ZHM,https://club.jd.com/comment/productPageComments.action?callback=fetchJSON_comment98&productId=100015969312&score=0&sortType=5&page=
米家STYTJ04ZHM,https://club.jd.com/comment/productPageComments.action?callback=fetchJSON_comment98&productId=100011378579&score=0&sortType=5&page=
米家MJSTS,https://club.jd.com/comment/productPageComments.action?callback=fetchJSON_comment98&productId=100013690613&score=0&sortType=5&page=
米家MJSTS1,https://club.jd.com/comment/productPageComments.action?callback=fetchJSON_comment98&productId=100019289926&score=0&sortType=5&page=
米家STYTJ05ZHM,https://club.jd.com/comment/productPageComments.action?callback=fetchJSON_comment98&productId=100013167953&score=0&sortType=5&page=
米家MJST1S,https://club.jd.com/comment/productPageComments.action?callback=fetchJSON_comment98&productId=100024077146&score=0&sortType=5&page=
云鲸（NARWAL）CP-YJ-A00006-00-01,https://club.jd.com/comment/productPageComments.action?callback=fetchJSON_comment98&productId=10029968318519&score=0&sortType=5&page=
云鲸（NARWAL）YJCC010,https://club.jd.com/comment/productPageComments.action?callback=fetchJSON_comment98&productId=10037561446459&score=0&sortType=5&page=
美的RM2102,https://club.jd.com/comment/productPageComments.action?callback=fetchJSON_comment98&productId=100029079578&score=0&sortType=5&page=
美的S8+,https://club.jd.com/comment/productPageComments.action?callback=fetchJSON_comment98&productId=100021650790&score=0&sortType=5&page=
iRobot Roomba i7,https://club.jd.com/comment/productPageComments.action?callback=fetchJSON_comment98&productId=100002238743&score=0&sortType=5&page=
iRobot Braava jet m6,https://club.jd.com/comment/productPageComments.action?callback=fetchJSON_comment98&productId=100008958300&score=0&sortType=5&page=
iRobot s9+,https://club.jd.com/comment/productPageComments.action?callback=fetchJSON_comment98&productId=100006288369&score=0&sortType=5&page=
iRobot Roomba i4,https://club.jd.com/comment/productPageComments.action?callback=fetchJSON_comment98&productId=100018229334&score=0&sortType=5&page=
iRobot Braava jet m6+Roomba i7+,https://club.jd.com/comment/productPageComments.action?callback=fetchJSON_comment98&productId=100010608224&score=0&sortType=5&page=
海尔 JX37,https://club.jd.com/comment/productPageComments.action?callback=fetchJSON_comment98&productId=100022510564&score=0&sortType=5&page=0&pageSize=10&isShadowSku=0&fold=1
海尔 HSD-海尔 T525H,https://club.jd.com/comment/productPageComments.action?callback=fetchJSON_comment98&productId=100014210650&score=0&sortType=5&page=0&pageSize=10&isShadowSku=0&fold=1
海尔 TT53pro,https://club.jd.com/comment/productPageComments.action?callback=fetchJSON_comment98&productId=100009958127&score=0&sortType=5&page=0&pageSize=10&isShadowSku=0&fold=1
海尔 H9,https://club.jd.com/comment/productPageComments.action?callback=fetchJSON_comment98&productId=100027574088&score=0&sortType=5&page=0&pageSize=10&isShadowSku=0&fold=1
海尔 H9+,https://club.jd.com/comment/productPageComments.action?callback=fetchJSON_comment98&productId=100025745484&score=0&sortType=5&page=0&pageSize=10&isShadowSku=0&fold=1
海尔 H10+,https://club.jd.com/comment/productPageComments.action?callback=fetchJSON_comment98&productId=100032095998&score=0&sortType=5&page=0&pageSize=10&isShadowSku=0&fold=1
追觅 W10,https://club.jd.com/comment/productPageComments.action?callback=fetchJSON_comment98&productId=100013533813&score=0&sortType=5&page=0&pageSize=10&isShadowSku=0&fold=1
追觅 L10 Plus,https://club.jd.com/comment/productPageComments.action?callback=fetchJSON_comment98&productId=100024119882&score=0&sortType=5&page=0&pageSize=10&isShadowSku=0&fold=1
追觅 L10 Pro,https://club.jd.com/comment/productPageComments.action?callback=fetchJSON_comment98&productId=100018357544&score=0&sortType=5&page=0&pageSize=10&isShadowSku=0&fold=1
追觅 慧目F9,https://club.jd.com/comment/productPageComments.action?callback=fetchJSON_comment98&productId=100014466342&score=0&sortType=5&page=0&pageSize=10&isShadowSku=0&fold=1
360 X100 MAX,https://club.jd.com/comment/productPageComments.action?callback=fetchJSON_comment98&productId=100017769398&score=0&sortType=5&page=0&pageSize=10&isShadowSku=0&fold=1
360 S8 Plus,https://club.jd.com/comment/productPageComments.action?callback=fetchJSON_comment98&productId=100026057776&score=0&sortType=5&page=0&pageSize=10&isShadowSku=0&fold=1
360 X95,https://club.jd.com/comment/productPageComments.action?callback=fetchJSON_comment98&productId=100007031029&score=0&sortType=5&page=0&pageSize=10&isShadowSku=0&fold=1
